Name, Id
John Doe, 8472
Jane Smith, 2953
Alice Johnson, 6137
Robert Brown, 4629
Emily Davis, 7904
Michael Wilson, 1386
Sarah Miller, 5209
David Moore, 3746
Laura Taylor, 8245
James Anderson, 6701
Linda Thomas, 9438
Daniel Jackson, 2574
Jessica White, 8146
Matthew Harris, 3051
Karen Martin, 1294
Christopher Thompson, 6932
Patricia Garcia, 4786
Joshua Martinez, 5961
Barbara Robinson, 2308
Andrew Clark, 7715
Susan Rodriguez, 9852
Joseph Lewis, 3640
Margaret Lee, 4123
Charles Walker, 5076
Lisa Hall, 6829
Ion,1234
Steven Allen, 9734
Dorothy Young, 1497
Paul King, 8420
Nancy Wright, 2713
Mark Scott, 3968
